side_effect,n_instance,auprc,auroc,ap
0.0,1130.0,0.6266779755111008,0.661990758869136,0.6284294302390191
1.0,2144.0,0.6063454062380071,0.642488278639452,0.6073550333446683
2.0,1028.0,0.6211193867708729,0.6723975760420294,0.6233283125343443
3.0,1360.0,0.6138258902700409,0.6507958477508651,0.6153503785664141
4.0,716.0,0.6112413043244223,0.6560071470927874,0.613804289992991
5.0,746.0,0.6004838718609122,0.6492284139180186,0.6027700325695076
6.0,246.0,0.5944632058098585,0.6242646572807191,0.6011791413234957
7.0,372.0,0.6169644516168972,0.6450456700196554,0.6221942240326613
8.0,914.0,0.6166522630151269,0.6699002628693459,0.6187749605579107
9.0,868.0,0.6421249591140331,0.6798243751194547,0.6444185791691946
10.0,626.0,0.610250200822269,0.6494962692280212,0.6122401068825876
11.0,1130.0,0.608846928388854,0.6536009084501527,0.6109475302757228
12.0,1190.0,0.5772602904417748,0.6186462820422287,0.5788434428241717
13.0,1226.0,0.6074104355808825,0.6509551080584082,0.6091955380688652
14.0,810.0,0.6500981548441301,0.6740070111263526,0.6511253792100391
15.0,1186.0,0.6203924744249305,0.6560007279986578,0.62165000177323
16.0,108.0,0.6013583632983102,0.6635802469135803,0.616937727566507
17.0,1662.0,0.6243340078954122,0.6706167159744034,0.6257251708048894
18.0,398.0,0.653192865540593,0.6972551198202066,0.6599571963591251
19.0,1280.0,0.6141119011173031,0.65630859375,0.6158727886694417
20.0,1180.0,0.644934963536601,0.6808539212869865,0.6467739831967033
21.0,1170.0,0.6350788651261214,0.6735568704799474,0.6362558908324589
22.0,838.0,0.6321623272836849,0.6840941325237382,0.6343641173066501
23.0,1054.0,0.6167921368448904,0.6709238142217774,0.618745360904364
24.0,2444.0,0.6178491831457253,0.6513315618462395,0.6188514432250135
25.0,510.0,0.6015300282168051,0.6407151095732411,0.6049293141811702
26.0,852.0,0.6374456309311536,0.6630491084220503,0.6385684178592541
27.0,1356.0,0.6135880895970197,0.6557836470270881,0.6146002523255852
28.0,532.0,0.6329377550592996,0.684500254395387,0.6364196522003838
29.0,620.0,0.6140662934109646,0.6543418314255983,0.6163700498247056
30.0,1002.0,0.6045710254466751,0.6396956585830335,0.6060889594263534
31.0,152.0,0.6941799029143104,0.7249826869806095,0.7043022857578838
32.0,508.0,0.6617776168347732,0.6951531403062806,0.6637874625208346
33.0,506.0,0.6439452444904387,0.6665156462372479,0.6458591519890419
34.0,210.0,0.6180207395752828,0.6685260770975058,0.6270567868518174
35.0,172.0,0.6202221891934004,0.6829367225527312,0.6302735811921687
36.0,1016.0,0.6181886875333499,0.6610869784239568,0.6203932612021341
37.0,1406.0,0.608567288262098,0.6452249959025431,0.6096947048602074
38.0,836.0,0.6280222073147079,0.6681537739520617,0.6300869767963994
39.0,156.0,0.6330557155044345,0.6861439842209073,0.6425871840529478
40.0,336.0,0.6060743372364709,0.6504924886621315,0.6110068230180978
41.0,798.0,0.6088940863933475,0.6314423276235701,0.6111949562139958
42.0,680.0,0.626256067334457,0.6363278546712804,0.627593329443199
43.0,882.0,0.589780560213617,0.6277001352317193,0.591962184361037
44.0,2834.0,0.6148466591247235,0.6404685468170802,0.6156474964242349
45.0,786.0,0.6007775503151831,0.6442725430400974,0.6037669228629046
46.0,1156.0,0.6277953859012997,0.658486338765101,0.6296706240819743
47.0,700.0,0.6758230757016168,0.7007224489795918,0.6772898196824453
48.0,954.0,0.640124844502165,0.6525135257483662,0.6410355220900247
49.0,194.0,0.7019874460365726,0.7311350834307577,0.7136146839155539
50.0,1420.0,0.6277113448168887,0.6491891489783773,0.6285513386447165
51.0,2220.0,0.6092409296531607,0.634739672104537,0.6102416396663137
52.0,1858.0,0.6188834568952826,0.663064385121912,0.6201702656002772
53.0,690.0,0.6175901942609807,0.6577609745851711,0.6198566892804882
54.0,1130.0,0.6373446727267311,0.6623337771164539,0.6383649266574641
55.0,288.0,0.6445794452295354,0.6998697916666666,0.6503009843989618
56.0,1024.0,0.6001443752894821,0.6416969299316406,0.6021709678576445
57.0,558.0,0.5958979600268464,0.6411499081460927,0.5993262083935443
58.0,1428.0,0.6212547846589658,0.6551522569812238,0.6229082277233753
59.0,660.0,0.6389349985017916,0.6886891643709825,0.6420232984197654
60.0,2040.0,0.630366575742453,0.6653899942329874,0.6311167712902452
61.0,754.0,0.5976716016145098,0.6329056702010146,0.6000867120268762
62.0,1922.0,0.5969326772145542,0.6307853313568397,0.597786056897958
63.0,734.0,0.6558673894177478,0.6820100379392527,0.6585142254808715
64.0,812.0,0.6201405995714951,0.6758657089470747,0.6236658485303683
65.0,1120.0,0.6229642381879976,0.6514867665816326,0.6241289726841803
66.0,2386.0,0.6178260614849833,0.6480116971801843,0.6188354142851233
67.0,1194.0,0.6134426113105431,0.6522464359766448,0.6151811666576137
68.0,996.0,0.6562242584235093,0.6864496137159077,0.6573603258490255
69.0,736.0,0.6111394933505078,0.6553915849480151,0.613961026577075
70.0,1836.0,0.6362795920489833,0.6695863651681926,0.6369494540916718
71.0,1586.0,0.6250320329811302,0.6666648114253183,0.6264217722698747
72.0,1364.0,0.613682636595588,0.6480470799184734,0.6152564588914193
73.0,1224.0,0.6048380491092427,0.6571017023367082,0.6065270828046594
74.0,1642.0,0.6088773838445871,0.6357955228242793,0.6107803074039118
75.0,1994.0,0.6214491325346084,0.6533650600749088,0.6222312078310788
76.0,476.0,0.6242891733110348,0.6590283172092367,0.6283470037989443
77.0,1322.0,0.5898220302608018,0.6376862178746272,0.5915685490929249
78.0,796.0,0.6144271044762839,0.646342579732835,0.616122511735852
79.0,576.0,0.6494886542810567,0.69555362654321,0.652837562981256
80.0,1582.0,0.6146378154795529,0.6481925294199441,0.6156645760694166
81.0,214.0,0.5867898120299844,0.6066905406585729,0.5914764542599972
82.0,384.0,0.6256173971806446,0.6639879014756944,0.6303417554681532
83.0,426.0,0.6125318344433366,0.6522956203575128,0.6163088647358338
84.0,194.0,0.6390947136868591,0.692767562971623,0.6469156971196781
85.0,574.0,0.5981503524073852,0.6248345858271922,0.6004918975809452
86.0,1236.0,0.6303218004803532,0.6541438872655292,0.631111002981039
87.0,216.0,0.7422082291763163,0.7540723593964335,0.7446121088061289
88.0,410.0,0.6163328504579328,0.6455621653777514,0.620885679504702
89.0,676.0,0.6082469234782528,0.6435130072476454,0.6105912077840056
90.0,676.0,0.6008264540933926,0.6448960120443962,0.6039053322694963
91.0,158.0,0.6183517163681598,0.6339929498477809,0.623165967434184
92.0,890.0,0.6437515889001807,0.6761583133442748,0.6467611267372021
93.0,726.0,0.6300273926706575,0.6716526648908316,0.6324650245146515
94.0,830.0,0.6057517624372222,0.6519857744229932,0.6078880735208896
95.0,208.0,0.6667232462354087,0.7109375,0.6707504912663858
96.0,2488.0,0.6425166319027216,0.6738471673679965,0.6434090370107881
97.0,200.0,0.6156422888149025,0.6827,0.6246959749638479
98.0,216.0,0.642516973303852,0.668767146776406,0.6504687823001583
99.0,942.0,0.6343663061005558,0.6682590233545648,0.6364767878121311
100.0,886.0,0.6432547335171461,0.6715575620767494,0.6454519735110789
101.0,820.0,0.6095710203667699,0.6361154074955383,0.6121579786901035
102.0,116.0,0.6200736685055851,0.660077288941736,0.6280793542652344
103.0,386.0,0.6392204115715789,0.6603197401272517,0.6414632947867236
104.0,1080.0,0.6108758130069569,0.6499845679012345,0.612820903283715
105.0,724.0,0.6373476247671059,0.6701451420896798,0.6403411131914833
106.0,666.0,0.6274752580942731,0.6706165625084544,0.6315523823844897
107.0,684.0,0.6260263675691953,0.6639051332033788,0.6288748593517746
108.0,442.0,0.6016343669552583,0.6532523904096967,0.6059892600202865
109.0,542.0,0.6804806722742123,0.7134638689560328,0.6838505759805421
110.0,672.0,0.6218584448229634,0.6516262755102041,0.6237728384146114
111.0,298.0,0.6422427980876693,0.6644970947254629,0.648246397060815
112.0,1424.0,0.6225868018083325,0.647503964934983,0.623638602627708
113.0,214.0,0.6138076190037076,0.6476766529827933,0.6217113182907335
114.0,2090.0,0.6054476666848075,0.6462974748746595,0.6061961286933375
115.0,342.0,0.6046803488959851,0.6282702369959987,0.6082160425774399
116.0,380.0,0.614708080335508,0.6487396121883656,0.6194273970905095
117.0,144.0,0.6838837420447748,0.7438271604938272,0.6942363850542718
118.0,264.0,0.6973644113322527,0.7231978879706151,0.699860045161396
119.0,2392.0,0.6200898049012749,0.6530168496437401,0.6207489729482869
120.0,760.0,0.6154154900264901,0.6672299168975069,0.6183934218984526
121.0,96.0,0.5517345125748461,0.6312934027777777,0.5644184615443789
122.0,2216.0,0.6141458461716304,0.642376700791096,0.615246607647392
123.0,1218.0,0.6316405052853834,0.6610712061281112,0.6326432386224933
124.0,678.0,0.6125019186124,0.6686245333751012,0.6156359539774692
125.0,682.0,0.6013047867027868,0.6369054273699057,0.6043506366060982
126.0,1688.0,0.6470270294063607,0.6714921048493969,0.6478636703861422
127.0,366.0,0.6400313493297426,0.6871510048075488,0.6447316083167544
128.0,840.0,0.6600429093112224,0.6912684240362812,0.6616042009092193
129.0,1528.0,0.5936906490514007,0.6359286340834955,0.5951144566003503
130.0,450.0,0.6950783520182524,0.7181827160493827,0.6966153325180962
131.0,204.0,0.6576581251442327,0.6887254901960784,0.6626923906263444
132.0,612.0,0.6204938430919922,0.6663889956854202,0.6239453860670083
133.0,1510.0,0.6392561332039846,0.6714951098636025,0.6401693815456944
134.0,1284.0,0.648795744996101,0.6720098067759436,0.6494755685756652
135.0,1842.0,0.6137660637900831,0.6532020381000211,0.6148815882798659
136.0,592.0,0.6556267070895136,0.6849861897370344,0.6572387438149218
137.0,292.0,0.6775232874033912,0.7108744604991556,0.679712345317206
138.0,552.0,0.6615515757483948,0.6662892512077294,0.6629756731755152
139.0,118.0,0.6079523147053973,0.6561332950301637,0.6221913943144215
140.0,628.0,0.5767784428557599,0.6136227636009574,0.5786878966439888
141.0,556.0,0.6143704759549465,0.6583219036281767,0.6177239333897909
142.0,424.0,0.5913734152557489,0.643812299750801,0.5946486720333969
143.0,886.0,0.6110289564917062,0.6537625669430163,0.6130762235276909
144.0,1438.0,0.6236627669553497,0.6552109346739889,0.6246167654227117
145.0,120.0,0.6583203300993297,0.6883333333333334,0.6665933900686998
146.0,826.0,0.6066178554775868,0.6237094665501937,0.6083566565796297
147.0,150.0,0.6054899586414811,0.6664000000000001,0.6146191319701076
148.0,940.0,0.624154230405384,0.6526165685830692,0.6255460599200509
149.0,466.0,0.6236283360015078,0.6495560795004512,0.6271227072301148
150.0,984.0,0.6391552525113331,0.6683408106946924,0.640576160468108
151.0,382.0,0.6195701632144128,0.6459389819358021,0.6215983286503699
152.0,780.0,0.6263401637406386,0.6804339250493097,0.6284373124222198
153.0,112.0,0.6381260647767383,0.6572066326530612,0.6469397816420429
154.0,778.0,0.6488703537343667,0.6813974927472063,0.6499218710939503
155.0,338.0,0.6360446776812602,0.6808059941878787,0.6399256931938095
156.0,338.0,0.622211585317766,0.6732607401701622,0.6261286674625413
157.0,208.0,0.6609773506150844,0.6910133136094675,0.6660976696159742
158.0,606.0,0.6523702764691818,0.6959421189643717,0.6556643519783062
159.0,666.0,0.6314406830706082,0.6679224269314359,0.6344885058528518
160.0,752.0,0.656642197290018,0.6810084455636034,0.6589540804312384
161.0,258.0,0.6462884058710701,0.664563427678625,0.650409269175626
162.0,828.0,0.6319627858466859,0.6540832341478213,0.6331023741897465
163.0,722.0,0.6101898480854533,0.642810828646189,0.6113918668751275
164.0,122.0,0.7259673052230532,0.7182209083579683,0.7291076363548417
165.0,1280.0,0.6032360063013685,0.6520269775390625,0.6046485467365572
166.0,888.0,0.6593387980941748,0.6723911411411411,0.661748949938781
167.0,1046.0,0.6539750257434085,0.6746460155961526,0.6550704538044696
168.0,2116.0,0.6033730416661123,0.6435089479382936,0.604432845534068
169.0,2036.0,0.6188479776395213,0.6583592583014579,0.6199735379628288
170.0,178.0,0.6657482083750867,0.7068236333796237,0.6709485324631514
171.0,1166.0,0.619801491912785,0.6467596774241002,0.6207085369422056
172.0,692.0,0.5953001522994065,0.6373772093955695,0.5969972973366975
173.0,334.0,0.6365401730269694,0.6450482268994945,0.6390822162673937
174.0,644.0,0.643573207894138,0.6738503529956406,0.645466876933663
175.0,1358.0,0.6128849533853971,0.6399685711249108,0.6144205944870781
176.0,646.0,0.6330704652599621,0.6786463974542072,0.6362075028981129
177.0,1572.0,0.639211628683519,0.6710095241795025,0.6401604328730863
178.0,716.0,0.6272912725018589,0.667426110296183,0.6303099040328726
179.0,158.0,0.625963943020474,0.7031725684986381,0.6428431658611167
180.0,182.0,0.6468854678182748,0.6543593768868494,0.6516247678902449
181.0,2060.0,0.6294816392812872,0.666040861532661,0.6302881219456129
182.0,722.0,0.6653044287447324,0.6835525356619425,0.6665785891212357
183.0,440.0,0.5969279827892849,0.6131301652892562,0.5990074458947583
184.0,530.0,0.6286721486634916,0.6888572445710217,0.6319071407870936
185.0,606.0,0.6283449830682619,0.6503692448452767,0.6300622011651915
186.0,1654.0,0.6234077270460893,0.6522584946683061,0.6247919932602282
187.0,158.0,0.5871370087523431,0.640882871334722,0.5963313925421297
188.0,386.0,0.581926169990662,0.6322116029960535,0.586856724730397
189.0,1102.0,0.6146751579712502,0.6467254719187354,0.61639259935845
190.0,1132.0,0.6039395656039594,0.6363163168475071,0.6056323827813961
191.0,598.0,0.6299020661573893,0.6854117962886321,0.6330716006759214
192.0,712.0,0.6278429329465982,0.6603609077136725,0.6298625342706953
193.0,1486.0,0.6234337996177486,0.6624244405840786,0.6249492435531749
194.0,1716.0,0.6178608425613287,0.657341978146174,0.6189971420132845
195.0,1320.0,0.6031360094221114,0.635581955922865,0.6048766735479822
196.0,2312.0,0.6080868640569703,0.6551148064558614,0.6091613830909124
197.0,2132.0,0.6130692063557088,0.6494767044834541,0.6140603529704053
198.0,1124.0,0.6117838503253434,0.6320248287129089,0.6128610478119866
199.0,184.0,0.6556799207269705,0.6859640831758034,0.6637092982740778
200.0,328.0,0.6450461215921037,0.6725721296847114,0.6473960516232942
201.0,1876.0,0.6270345523893617,0.6583223844226931,0.6282164591709598
202.0,1450.0,0.6238380174317816,0.6713997621878716,0.6253458545186358
203.0,526.0,0.641530410681145,0.6668666599199063,0.6435242342870214
204.0,1394.0,0.6230564447388056,0.6591057390867605,0.6246494835005599
205.0,252.0,0.6309221676395804,0.6754220206601158,0.6377023532403584
206.0,1396.0,0.5928931662921839,0.6298578213643566,0.5938010318909188
207.0,1340.0,0.6347562215254504,0.6693316997104033,0.6357167480956178
208.0,426.0,0.6703609808889914,0.6794948092309727,0.6722470195818557
209.0,1524.0,0.6033490524756382,0.6434777591777405,0.6045022593443758
210.0,1190.0,0.6248945895201048,0.6729157545371088,0.6265901901458137
211.0,306.0,0.6761129879283978,0.7015036951599812,0.681947488977534
212.0,1248.0,0.642927024335877,0.6803212062376726,0.6449090503368534
213.0,712.0,0.6558404979068604,0.6859179712157557,0.6574932530640314
214.0,812.0,0.6160525970005677,0.6581344487854595,0.6188080215829079
215.0,2032.0,0.6134554314601419,0.6392927238979478,0.6141415850293444
216.0,1160.0,0.627544191716851,0.6674673008323424,0.6294356102347218
217.0,280.0,0.6227964086351845,0.6664413265306122,0.6271521554527604
218.0,704.0,0.6063422431541091,0.664361118285124,0.6090505191882898
219.0,154.0,0.6126271608544582,0.6774329566537358,0.6216548278013565
220.0,858.0,0.6264130528495276,0.671954890486359,0.6290031947148691
221.0,1156.0,0.6585512970193398,0.6877334742160656,0.6597229907076105
222.0,1232.0,0.6397280140984043,0.6679015485326363,0.640717362054489
223.0,2162.0,0.6219157577230857,0.6559201873072951,0.6230563873892345
224.0,1578.0,0.6245554063994713,0.6656068630616477,0.6260519921235289
225.0,972.0,0.6576469676389907,0.6736894358922252,0.658718391088928
226.0,366.0,0.6208764699635776,0.6704664218101466,0.6263174641529405
227.0,1298.0,0.612309700365141,0.6558875691178321,0.6140421326469108
228.0,652.0,0.6583061951810504,0.6882057096616357,0.6600538080602469
229.0,108.0,0.726289650469905,0.7283950617283951,0.731653424987204
230.0,412.0,0.6360325959049888,0.6909286926194741,0.6411371675806039
231.0,390.0,0.6117553534225622,0.6451610782380014,0.616302689443386
232.0,466.0,0.6115921253400485,0.660350163016449,0.6160961762349713
233.0,2082.0,0.6172161499130288,0.6533221030912234,0.6186071739030187
234.0,1160.0,0.6283807770387011,0.6714409928656362,0.6302405508792929
235.0,234.0,0.693530707696012,0.7221856965446709,0.6966580480418516
236.0,562.0,0.6331275052349372,0.6735223718038019,0.6351751207923713
237.0,682.0,0.6473008768819746,0.6858128155072625,0.6491329643995538
238.0,940.0,0.6381107630522043,0.6746944318696242,0.6400899381116132
239.0,694.0,0.6178743460905721,0.654784941324984,0.6196275399240334
240.0,182.0,0.5372513473305001,0.5988407197198407,0.5432418101084593
241.0,1208.0,0.6439433032409718,0.6828545074777422,0.6461356388064128
242.0,752.0,0.6420246585493339,0.6669042128791308,0.6433083226560091
243.0,448.0,0.5836657041525777,0.61376953125,0.5860735069770986
244.0,320.0,0.703104598560125,0.72791015625,0.7052633913172991
245.0,128.0,0.6434534172604491,0.696533203125,0.6512528476693665
246.0,502.0,0.606995595155813,0.6543665973555975,0.6118641434564352
247.0,1078.0,0.6105979485517556,0.6321229790617546,0.6126342327406193
248.0,674.0,0.6533232227122852,0.6795824564802015,0.6544637035191836
249.0,272.0,0.66560394659832,0.6875270328719724,0.6690917232650273
250.0,414.0,0.6664791454052553,0.6966615323578147,0.6692484202221116
251.0,296.0,0.6318184355618911,0.670904857560263,0.6358107552714019
252.0,280.0,0.6154199489207517,0.6402551020408163,0.6216104298177569
253.0,204.0,0.6483414197317263,0.6616205305651673,0.6557243658667432
254.0,504.0,0.6651099690032758,0.6982394809775763,0.6690534675043376
255.0,472.0,0.6018811834015263,0.637447033898305,0.6036455938930044
256.0,1758.0,0.6346244582039239,0.6676635720858717,0.6358800069020325
257.0,250.0,0.6720624311291992,0.710816,0.6756586334022545
258.0,514.0,0.6384117401618319,0.6695142999894018,0.6405153302976456
259.0,462.0,0.6219526822729226,0.678238788628399,0.6260882418046766
260.0,1798.0,0.6385333900660218,0.6560372976524405,0.6393460202099579
261.0,212.0,0.6400809570827549,0.6822267710929156,0.6475183057334953
262.0,878.0,0.6152543300078801,0.6553074133073199,0.6174482628306259
263.0,488.0,0.6452742628712087,0.6655259002956194,0.6470020724350524
264.0,352.0,0.6477952922876737,0.7001226756198348,0.6529926969074773
265.0,550.0,0.6649409001740078,0.6888,0.6669326186846941
266.0,854.0,0.6334293284558086,0.6738752474921708,0.6351074549021094
267.0,1410.0,0.6299892310457982,0.6654207534832252,0.6314667761438617
268.0,1534.0,0.6526032527569041,0.682359350591291,0.6533744755759884
269.0,246.0,0.5868042096097608,0.6488366712935423,0.5938747738176399
270.0,774.0,0.6245712357959674,0.655584600284438,0.6272184056821701
271.0,458.0,0.6484523657058134,0.67055357449324,0.6521860762608404
272.0,650.0,0.6011782416121951,0.6354485207100591,0.6029267849270821
273.0,432.0,0.6181594675370145,0.6493269890260631,0.6222799294433619
274.0,864.0,0.6035027338646515,0.6414850180041152,0.6057350518964104
275.0,352.0,0.6695750704843172,0.7103321926652892,0.6740254198692339
276.0,226.0,0.598508544294619,0.6421411230323439,0.6063654515635977
277.0,586.0,0.6597661117112501,0.686531002108353,0.6611929742203515
278.0,1188.0,0.6319934431603034,0.6656640762280492,0.6336379761790845
279.0,802.0,0.6348130204711526,0.683793944067512,0.6377125826420226
280.0,532.0,0.6669977216799128,0.706251059980779,0.669280468905587
281.0,1260.0,0.6348740021187149,0.6657911312673217,0.636997886304292
282.0,580.0,0.6574484109692684,0.6766765755053508,0.6587205578879631
283.0,892.0,0.6178942948084389,0.6594404170604676,0.6205378364431837
284.0,624.0,0.6136012936807047,0.6418371959237343,0.6165971520771669
285.0,246.0,0.6238534728164042,0.6258510146077071,0.627196096364554
286.0,232.0,0.6530436605846469,0.6900453329369798,0.6601755774043077
287.0,1606.0,0.6206787176633012,0.6576513355117561,0.6219024593730509
288.0,692.0,0.605831216022815,0.6411841357880317,0.6089097352764544
289.0,932.0,0.6390973912776418,0.6813534970251801,0.6404657999370649
290.0,418.0,0.6708495145999573,0.7070465419747716,0.675517701166786
291.0,702.0,0.6234504279421893,0.6664718630530596,0.6263426143460238
292.0,218.0,0.609465858373107,0.6538591027691272,0.6141447229130521
293.0,2156.0,0.6205716497765347,0.6546232888500315,0.6213225624986007
294.0,238.0,0.6346890856044516,0.6739813572487818,0.6393576985946248
295.0,208.0,0.6915038190170821,0.7000739644970414,0.6944081979057464
296.0,288.0,0.6674915536706262,0.7038242669753088,0.671333175468397
297.0,640.0,0.6313772396496079,0.6515039062500001,0.6327443106695021
298.0,1152.0,0.6228662119498041,0.651988841869213,0.6238904920557051
299.0,932.0,0.6023136197555226,0.6358470408370019,0.6045344084667872
300.0,1444.0,0.6212436225888316,0.6606768095702152,0.622639315685545
301.0,348.0,0.5585711147281625,0.6138195270181003,0.5640366850232034
302.0,418.0,0.6137700760861569,0.6566298848469587,0.6169381384938775
303.0,360.0,0.655315626133675,0.6904706790123457,0.6617056625651354
304.0,838.0,0.6276846318296627,0.6666258451478405,0.6298420609986592
305.0,1170.0,0.6457776124291843,0.6720037986704654,0.6477543585230885
306.0,724.0,0.5969897669603504,0.6352522816763835,0.5991183925735716
307.0,288.0,0.6389332796808764,0.6957585841049383,0.6444422173736936
308.0,174.0,0.5898020158741577,0.6442066323160259,0.5990803421456239
309.0,830.0,0.6342539445562643,0.662758020031935,0.6360251296489206
310.0,516.0,0.6111050076499152,0.6692055765879453,0.6149647148261703
311.0,1640.0,0.6205593040860176,0.6564477989292088,0.6220140959384467
312.0,118.0,0.629832248813682,0.6887388681413387,0.6444339675875417
313.0,666.0,0.6163213146127171,0.6693608022436851,0.6195381072785462
314.0,1490.0,0.6445948062661699,0.6655520021620648,0.645913171281604
315.0,1912.0,0.632467898481721,0.6658064678489521,0.6335697703206014
316.0,896.0,0.6558757765862486,0.6720979651626275,0.6572969350484112
317.0,1394.0,0.6248082105447641,0.6646593620126429,0.6260171495399285
318.0,1810.0,0.6103133239630402,0.6582247184151888,0.611529317446522
319.0,688.0,0.6312090304775069,0.6772284004867496,0.6342327381202382
320.0,114.0,0.5689763006126571,0.6066481994459834,0.5818383855905584
321.0,1704.0,0.6144183935977314,0.6542642002248231,0.615818794538015
322.0,432.0,0.6050590394943554,0.655071159122085,0.6097049622149452
323.0,1062.0,0.6745613014208307,0.7042206191636433,0.6752696438871224
324.0,432.0,0.6278120556124156,0.6725072873799727,0.630904029288933
325.0,1262.0,0.6177708934685693,0.6479420385221054,0.6191861999612267
326.0,1574.0,0.6331976918989781,0.6715762332309173,0.6340361207417614
327.0,1712.0,0.6192731898445227,0.6589777900908377,0.6204640889059114
328.0,516.0,0.6476289371323953,0.6809874707048855,0.6498595763622594
329.0,390.0,0.7069896243100752,0.7312689020381328,0.7092769697145247
330.0,1844.0,0.6100527236258508,0.6433096611628969,0.6112474154362584
331.0,540.0,0.6389878731823815,0.6870747599451303,0.6424729561626291
332.0,230.0,0.6634931205276258,0.6777693761814745,0.6705026520657467
333.0,894.0,0.6265024902515703,0.6514020889949903,0.6287422512942061
334.0,560.0,0.6643204685241287,0.6937595663265306,0.6677658752800637
335.0,134.0,0.5787785211422347,0.6461349966584986,0.5912972468202183
336.0,308.0,0.6463684335637567,0.669948557935571,0.6520569756346609
337.0,360.0,0.6179350210109865,0.6624228395061729,0.6232210237721689
338.0,538.0,0.6028300482050771,0.6628985226848716,0.6067110349058056
339.0,736.0,0.6349256049575124,0.6763239898393194,0.6375465979791939
340.0,182.0,0.6622260878753363,0.6942398261079579,0.6715718013466773
341.0,102.0,0.6872501439116927,0.6930026912725874,0.6926405918161156
342.0,302.0,0.6240879741313027,0.6364633130125872,0.6276987823059539
343.0,2576.0,0.6086918195640627,0.6429014481501485,0.60962321712364
344.0,332.0,0.6793446107730537,0.7028959210335317,0.682807074926147
345.0,900.0,0.6370541720795402,0.6620604938271606,0.6391336695695309
346.0,1500.0,0.6156943784773928,0.648276,0.6170898152198974
347.0,1308.0,0.616001219514889,0.6569610442443117,0.6176620748766566
348.0,594.0,0.6327416325663561,0.6536832976226916,0.6345104487128087
349.0,468.0,0.6257537122208059,0.6588684345094602,0.6277570599181054
350.0,512.0,0.6332331264843813,0.6700096130371094,0.6354808677533386
351.0,1254.0,0.6385761236292057,0.6773183865855736,0.6399662593739288
352.0,1020.0,0.6402676958804078,0.6616349480968858,0.6414093676036128
353.0,286.0,0.6060640309942001,0.6765122988899213,0.6118970294175704
354.0,186.0,0.6476876008274334,0.65227193895248,0.6511028992848322
355.0,170.0,0.6187189159919867,0.7013148788927336,0.6283289255629908
356.0,874.0,0.6080410078419876,0.6403761867109321,0.6094565644692214
357.0,388.0,0.6134251400223072,0.6650082367945584,0.6180195250220809
358.0,576.0,0.6406732929650588,0.6717574508101851,0.6422895146159872
359.0,630.0,0.6159249819048747,0.6531569664902998,0.6189633013656521
360.0,362.0,0.7372347005000724,0.7317694820060436,0.7386195272984148
361.0,160.0,0.6535040854629033,0.6807812499999999,0.6678329315647066
362.0,506.0,0.6371694484428234,0.6928635035698104,0.6410474261879493
363.0,1420.0,0.627892976616882,0.6669361237849634,0.6286486579424547
364.0,102.0,0.6335597207124665,0.6660899653979239,0.6496465007373624
365.0,378.0,0.6180053793090992,0.6401276560006719,0.6234780571991221
366.0,276.0,0.6450157096096029,0.6698697752572988,0.6485824462000704
367.0,740.0,0.6424992407540879,0.6745653761869979,0.6443794413651839
368.0,222.0,0.6111648694939624,0.6730784838892947,0.6192987322303886
369.0,706.0,0.6327995582897772,0.66021916554984,0.6345058429342256
370.0,104.0,0.49614215498853576,0.5443786982248521,0.5113718473199278
371.0,228.0,0.665833463749387,0.7024469067405356,0.6696736106450786
372.0,246.0,0.6255547653996343,0.6748958953004164,0.6328292199542183
373.0,464.0,0.6362553327567961,0.6732126932223543,0.6405224723768339
374.0,532.0,0.6573952120632416,0.6881642546215161,0.6592447572304359
375.0,924.0,0.6035100208190456,0.6534278311875714,0.605162466386287
376.0,1262.0,0.6199162487477272,0.6576234236904167,0.6214532497537548
377.0,242.0,0.6125215828246687,0.6527730346287822,0.6197940248518239
378.0,322.0,0.6728473128458552,0.7031943212067435,0.6780832472746557
379.0,178.0,0.6439910362957829,0.6531372301477086,0.647415379210939
380.0,618.0,0.6223935093692894,0.665252772802966,0.6259830090090484
381.0,614.0,0.5783736886250992,0.6220649555963459,0.5816101968303367
382.0,640.0,0.619851933401308,0.6601367187499999,0.6228710664149943
383.0,916.0,0.63619763150335,0.6663869872809443,0.6374661779348849
384.0,844.0,0.6354942857459955,0.6787611464252824,0.6382911539094015
385.0,438.0,0.6174170150262359,0.639853214069765,0.6198515410977727
386.0,1196.0,0.626094661431011,0.6647520721244728,0.6278167795842486
387.0,676.0,0.5965971555694648,0.6478261440425754,0.5993789048305419
388.0,482.0,0.6550123017667842,0.6812210533565194,0.6573579084784301
389.0,824.0,0.6503081542723617,0.6881701267791497,0.6529623507740561
390.0,194.0,0.6107627067126615,0.652832394515889,0.6203763887199221
391.0,288.0,0.6261604146737394,0.6803626543209877,0.631773053340084
392.0,1154.0,0.6035075118023968,0.6387758350879618,0.6047440452078066
393.0,98.0,0.6560753819637138,0.6624323198667221,0.664046176507985
394.0,158.0,0.6042272310186844,0.659750040057683,0.6154992270730031
395.0,398.0,0.6601668454562428,0.6822554985985202,0.6647740728467353
396.0,692.0,0.605621728287256,0.6539810885762971,0.6082767553237729
397.0,206.0,0.6271190130729265,0.7009614478273165,0.6344545021730635
398.0,646.0,0.6556186120031979,0.6825762731359448,0.6574505493996332
399.0,1040.0,0.6466926692138029,0.6665791420118343,0.6486922525571385
400.0,434.0,0.6091208272516121,0.6492492938902928,0.6123064581874221
401.0,642.0,0.6511307902272037,0.6884638153744627,0.6532048720341047
402.0,284.0,0.6220325034092056,0.6785979964292799,0.6285998360790745
403.0,746.0,0.6229922468497312,0.6665001545328436,0.6255027523141676
404.0,1854.0,0.6201108724301527,0.6649088998509303,0.621367853045645
405.0,660.0,0.6282048281344581,0.6444146005509642,0.6299268428990759
406.0,102.0,0.6202805683091122,0.6958861976163014,0.6359392970029948
407.0,546.0,0.6585194908349018,0.6980839673147365,0.6617744886066997
408.0,336.0,0.6325221523018462,0.6820082199546484,0.6362143308736283
409.0,184.0,0.5983395395470296,0.6336247637051041,0.6043798330198723
410.0,116.0,0.5869315551186333,0.6459571938168847,0.6088191173078155
411.0,918.0,0.6410802074263522,0.6824191550258448,0.6431204751528967
412.0,192.0,0.5989957990358745,0.6409505208333334,0.6037871092424241
413.0,614.0,0.6236206682721944,0.657402200553852,0.6267607398721553
414.0,314.0,0.6194429385890258,0.6616495598198711,0.6253517838459635
415.0,308.0,0.6059149092520932,0.6159554730983302,0.6085661445469028
416.0,364.0,0.6507085627161531,0.6737410940707644,0.6536253384821361
417.0,96.0,0.6251376826178232,0.6664496527777778,0.6395551078615804
418.0,704.0,0.6778268534802814,0.7082580061983472,0.6803000479132901
419.0,658.0,0.6219974177283362,0.666457257416321,0.6245770130523478
420.0,436.0,0.6549765396760011,0.6892201834862386,0.6577595767377329
421.0,566.0,0.6611161725376232,0.7050343992308555,0.6643104740250139
422.0,416.0,0.6767610534598727,0.6874248798076923,0.6783776562306162
423.0,932.0,0.6123801530331117,0.6382024903755825,0.613439438156662
424.0,220.0,0.6144698817955174,0.6193388429752067,0.6222678122892666
425.0,230.0,0.6705464635628477,0.7153497164461247,0.6753818416473826
426.0,950.0,0.6444755614329547,0.6662182825484765,0.6456352170937302
427.0,160.0,0.6797715859029948,0.724140625,0.6844261757906496
428.0,118.0,0.6560397400343443,0.6822752082734846,0.6637618741214901
429.0,134.0,0.6294791389505409,0.6449097794609044,0.6374398588294737
430.0,148.0,0.6970355118575815,0.7320124178232287,0.7015443709807432
431.0,204.0,0.6050074441188904,0.6435024990388312,0.6141742245242995
432.0,1066.0,0.6202012305645148,0.6466468254666672,0.6213524146349356
433.0,204.0,0.6269536933262339,0.670319108035371,0.6355839551724389
434.0,306.0,0.6252277289340986,0.6686530821478919,0.6305030663312253
435.0,810.0,0.6426857346197773,0.6826124066453285,0.6451076772139293
436.0,176.0,0.5869590581020566,0.6308432334710744,0.5945840918635632
437.0,1426.0,0.6536225024229994,0.6683949060623288,0.6545146693443038
438.0,252.0,0.6142593103980241,0.6547304106827917,0.6221346979131726
439.0,1056.0,0.6117012515823731,0.6578076575413223,0.6136685746780042
440.0,82.0,0.7276260157388224,0.7676977989292089,0.7435359670397693
441.0,1042.0,0.6534096717502409,0.6711799249192274,0.6542975960647893
442.0,262.0,0.6662127784954259,0.7026105704795758,0.6693754654913163
443.0,170.0,0.6774754626088746,0.6851903114186851,0.6825438387749289
444.0,406.0,0.6121594607274581,0.6381858331917786,0.6164578539384304
445.0,126.0,0.6143234825280526,0.7166792642983119,0.6269004434676172
446.0,1204.0,0.6123375790442528,0.6628389863246542,0.6141122697766833
447.0,726.0,0.610905820640472,0.6522569800180619,0.6137556364274002
448.0,1210.0,0.6341368096126659,0.6674680691209618,0.6352026442701315
449.0,408.0,0.6777612057316165,0.7341407151095731,0.6810776329166705
450.0,450.0,0.6311487810288852,0.6672098765432098,0.6333681497252597
451.0,768.0,0.6030527530381223,0.6368221706814235,0.6045668161248925
452.0,412.0,0.6698923068554644,0.6863747761334716,0.6741002547276229
453.0,118.0,0.5899872180881718,0.629129560471129,0.6043681103989508
454.0,534.0,0.6962095678266704,0.7156188191726633,0.69798865647651
455.0,108.0,0.6801732368157443,0.6949588477366255,0.6853860113648362
456.0,262.0,0.6740197454803587,0.6967834042305228,0.6777930867680875
457.0,150.0,0.6338282746862797,0.6995555555555555,0.6450715360389256
458.0,538.0,0.5922767841410448,0.6486297867635882,0.595591032612407
459.0,1122.0,0.6247266857620198,0.6676461055982919,0.6261339801293219
460.0,538.0,0.6396487757281583,0.668498915161482,0.6414180987596989
461.0,322.0,0.6649940533268646,0.6733343621002276,0.6674208735197628
462.0,288.0,0.6626036469752216,0.6595534336419753,0.664887476484888
463.0,594.0,0.6145953282085607,0.6640563888038635,0.6181720652077078
464.0,820.0,0.6316822334973745,0.6683105294467577,0.6334389026923334
465.0,908.0,0.6565472933514565,0.676172640648955,0.6585145181065651
466.0,312.0,0.6060692745136128,0.6522846811308349,0.6117882765106597
467.0,1686.0,0.6285507388892793,0.6644373664073262,0.6299138250481102
468.0,408.0,0.6060520604816714,0.652339244521338,0.6109658418654857
469.0,438.0,0.6275003036524089,0.6357457100560873,0.6292959382455947
470.0,756.0,0.6417989156814381,0.6638094538226813,0.6441660659497531
471.0,234.0,0.6407360602710744,0.6920520125648332,0.6522189057946336
472.0,586.0,0.6761744723423142,0.7045801348880011,0.6776565168691044
473.0,1100.0,0.6355957346825408,0.667490909090909,0.6367147951598371
474.0,214.0,0.5822603493795273,0.6068215564678138,0.5907388003614704
475.0,578.0,0.6272546796559756,0.6769315501490643,0.6307588891295742
476.0,402.0,0.664459962152903,0.6774770426474592,0.6672266239320157
477.0,358.0,0.6328044183122574,0.709060266533504,0.6379555538985766
478.0,930.0,0.6294667692843905,0.667007746560296,0.6316891397365129
479.0,190.0,0.6771723924771043,0.7102493074792244,0.6814271726032003
480.0,580.0,0.6474169232540334,0.6664714625445898,0.6496378666647029
481.0,268.0,0.6490746919026478,0.669386277567387,0.6519489046251838
482.0,330.0,0.6777238314765348,0.7100000000000001,0.6812247914374887
483.0,222.0,0.6392572435517931,0.6699943186429673,0.6481695904006839
484.0,408.0,0.5961463135480491,0.6361255286428298,0.5988344741091133
485.0,646.0,0.643163778374461,0.6950608172224406,0.6460888316377325
486.0,352.0,0.6690457425817464,0.7048924974173553,0.671051801730675
487.0,210.0,0.67080482368165,0.7017233560090702,0.6754575172269364
488.0,372.0,0.6596126160858233,0.7125968320036999,0.6648033041487975
489.0,94.0,0.6329449322619219,0.7098234495246718,0.6543739625721973
490.0,342.0,0.6270403485758085,0.6770288293834,0.6309117101357957
491.0,558.0,0.5737222365742918,0.6209773769607276,0.5772636088046409
492.0,204.0,0.6657894935073464,0.6831026528258363,0.670592322528536
493.0,582.0,0.6278608695744943,0.6651137799506383,0.6303292442118968
494.0,454.0,0.6667631926451179,0.6899076248326186,0.6689556556704165
495.0,354.0,0.5548590087359486,0.5886079989785822,0.5581456766877264
496.0,616.0,0.6599775260011616,0.7009218460111317,0.6628426075541773
497.0,236.0,0.7108875232963279,0.7286340132145934,0.7132909631553599
498.0,244.0,0.6008991710805767,0.6497749260951358,0.6068413301000599
499.0,830.0,0.6435429290068344,0.653383655102337,0.6450678366618215
500.0,224.0,0.6653075295074047,0.6856265943877551,0.6689095056615618
501.0,70.0,0.7375040529849383,0.7689795918367348,0.7446190728827481
502.0,876.0,0.6263116716742141,0.6630256875377911,0.6281836967456612
503.0,172.0,0.6942338894522282,0.7479042725797728,0.7030987014821484
504.0,346.0,0.647146270553168,0.6804938354104715,0.6523597819008558
505.0,368.0,0.6452283788369099,0.677797140831758,0.6499481332248858
506.0,810.0,0.6153224236213726,0.664067977442463,0.617859557917209
507.0,102.0,0.6422400080501846,0.6985774702037678,0.6568707481040768
508.0,1206.0,0.6204246828650131,0.6642980509283323,0.6220321658717587
509.0,746.0,0.622495717102497,0.6582326473991763,0.625147441851932
510.0,652.0,0.6548582316358958,0.686248541533366,0.6579612205472052
511.0,378.0,0.6565647515902793,0.6813359088491364,0.6596578886934342
512.0,214.0,0.645039865448967,0.6836841645558563,0.6529361213294766
513.0,534.0,0.6370324399761892,0.6650535145674649,0.6391628420082585
514.0,278.0,0.6306059186827023,0.6582475027172507,0.633629847769446
515.0,840.0,0.6080069547927109,0.6398115079365079,0.6096491177742552
516.0,872.0,0.6571439136882917,0.6685687757764499,0.6580465298472876
517.0,654.0,0.6546971296925963,0.6882814764937483,0.6560148190058814
518.0,280.0,0.593477194500349,0.6142857142857142,0.5964882792553341
519.0,614.0,0.6177185837708339,0.6469617714776815,0.6218537027078108
520.0,554.0,0.5704385990377079,0.6108967926077493,0.5744003216544701
521.0,616.0,0.6104866396679682,0.643344682914488,0.6126232814781923
522.0,220.0,0.5978082705536146,0.6512809917355371,0.6031755079620531
523.0,1060.0,0.6256256630799788,0.6717862228551086,0.6269126933501874
524.0,550.0,0.6313723062419399,0.6541553719008265,0.6335417373773398
525.0,250.0,0.6742146451217959,0.717472,0.6785933715175824
526.0,362.0,0.6775751272163555,0.6982692835994015,0.6802381654795995
527.0,860.0,0.6003108536800097,0.6358234180638184,0.6026761220134516
528.0,188.0,0.6038766951005035,0.659687641466727,0.6088800025274577
529.0,604.0,0.6569798457946195,0.6806006315512478,0.6585039509656081
530.0,202.0,0.6108673755952383,0.6542495833741789,0.6190227103659932
531.0,256.0,0.6358200857538663,0.6685943603515625,0.6425243365088331
532.0,998.0,0.6377066505483142,0.6722613563800949,0.6390582200741873
533.0,570.0,0.6337281285501297,0.6613665743305632,0.6369736516502922
534.0,178.0,0.6456452720044595,0.6614063880823128,0.6518219815501294
535.0,690.0,0.6268637193542886,0.655706784289015,0.6298122248576198
536.0,218.0,0.676783873990197,0.7360491541116068,0.6813856175942802
537.0,442.0,0.6823727265077311,0.698746954403063,0.6840929086372094
538.0,400.0,0.6508194520505866,0.69138125,0.6532560754312335
539.0,728.0,0.6347769656556586,0.6729108803284627,0.6379717945824612
540.0,406.0,0.6460202866220124,0.680943483219685,0.6484239087630213
541.0,758.0,0.5818057827837091,0.6154440584512778,0.5839557232516649
542.0,284.0,0.6438175851969549,0.7001091053362427,0.6491264765637679
543.0,368.0,0.6313127889574786,0.6950023629489602,0.6360500300315634
544.0,200.0,0.6169360643095488,0.6374500000000001,0.6296765426677581
545.0,456.0,0.6222462896318176,0.6719759926131117,0.6251480788625657
546.0,184.0,0.5681829860083463,0.6311436672967864,0.5773694612381626
547.0,120.0,0.6295096824849714,0.685138888888889,0.6381532599391491
548.0,532.0,0.6164818797881595,0.6533862852620272,0.6201407656533653
549.0,406.0,0.5871701323597467,0.6396782256303235,0.5904210685485953
550.0,210.0,0.5865876028656573,0.5895691609977325,0.5908293215912664
551.0,424.0,0.6335109971031448,0.6612896048415806,0.6359309321117843
552.0,152.0,0.7551264871496888,0.7603012465373961,0.7575657454536983
553.0,252.0,0.624553855843905,0.6843663391282439,0.6321592496133087
554.0,752.0,0.6376707533541349,0.6672172080126755,0.6402370778861134
555.0,140.0,0.5549920459726417,0.6472448979591836,0.5654668485864836
556.0,586.0,0.6601517555191775,0.686531002108353,0.6619829816142161
557.0,214.0,0.653463986536039,0.6624596034588174,0.6576135986321463
558.0,238.0,0.6747808754852923,0.694760257043994,0.6786788854144806
559.0,166.0,0.6482854337570798,0.7043112207867614,0.6589988688243794
560.0,528.0,0.6887038378803596,0.7026479281450873,0.6900302690834892
561.0,270.0,0.5865670034873585,0.6387928669410151,0.5938863917885756
562.0,350.0,0.6834892992775699,0.7068979591836736,0.6855318728101447
563.0,474.0,0.7025563002979327,0.7273496056543645,0.7041023608356424
564.0,268.0,0.654878643117496,0.729811762085097,0.660747995030984
565.0,500.0,0.6591057094207613,0.6892720000000001,0.6611131542133626
566.0,534.0,0.6254791650670026,0.6556832049825358,0.6290704367029958
567.0,80.0,0.7497808928894848,0.7515624999999999,0.7551229297811674
568.0,550.0,0.6640938774394747,0.6976099173553719,0.667201870425074
569.0,376.0,0.5903083327296244,0.6476771163422363,0.5933869542107618
570.0,454.0,0.6845952155511252,0.7002173533350152,0.6881043304722914
571.0,264.0,0.6539728187287218,0.6801251147842057,0.6602892468611967
572.0,856.0,0.6448088976240052,0.6705962311118875,0.647180471320977
573.0,366.0,0.6409622901481768,0.6795067036937501,0.6463665039359707
574.0,300.0,0.5919556431673114,0.6132444444444445,0.5960820530437831
575.0,632.0,0.6628224571355903,0.7085728448966512,0.6646073163580026
576.0,638.0,0.6522069897040967,0.6828696651959002,0.6543357217603148
577.0,330.0,0.592216182149089,0.6266299357208449,0.6004093772377603
578.0,414.0,0.5773994889916434,0.6340463021307382,0.5812792539932019
579.0,290.0,0.654450529287719,0.7008799048751486,0.6602912266085825
580.0,174.0,0.6654591882598514,0.7067644338750165,0.6708443596294476
581.0,438.0,0.6328753699978388,0.6696065553262026,0.6373962658746937
582.0,204.0,0.5902449386471491,0.6319204152249136,0.5974634293492228
583.0,314.0,0.657231596201134,0.7078380461682015,0.6630437148202345
584.0,242.0,0.7053914578073095,0.7218769209753433,0.7077141154989661
585.0,750.0,0.6656906945048571,0.6823857777777778,0.6668156921407955
586.0,214.0,0.6026229747848513,0.6642501528517775,0.6079001653520886
587.0,580.0,0.6239704954091324,0.6545095124851368,0.628241936290069
588.0,186.0,0.7134823233874823,0.7380622037229738,0.7217195566651995
589.0,500.0,0.6881866151781034,0.706672,0.6914178193036018
590.0,640.0,0.6248904803412509,0.6608325195312499,0.6271098440142635
591.0,88.0,0.6141766224908202,0.6151859504132231,0.6217613053280231
592.0,272.0,0.6362693348205855,0.6715506055363322,0.6398218400572748
593.0,90.0,0.6687834299122097,0.6967901234567901,0.6839030027392095
594.0,542.0,0.6030862258665219,0.6421753516428154,0.6063696192485761
595.0,130.0,0.7196126722713005,0.7299408284023668,0.7262877011848681
596.0,232.0,0.6847396162239614,0.7032922116527943,0.6921468907141448
597.0,660.0,0.6457670855547123,0.6799127640036731,0.6478200893960324
598.0,688.0,0.6077923718345819,0.6664793469442942,0.610475823477508
599.0,272.0,0.6165262183072134,0.6602508650519031,0.6213339975628389
600.0,100.0,0.6041172472824182,0.6646000000000001,0.618708368510927
601.0,108.0,0.6939238969305255,0.7395404663923183,0.7075543941424961
602.0,302.0,0.6613876235873904,0.6765602385860269,0.6638507337331845
603.0,290.0,0.5895917147430905,0.6521759809750297,0.5964438876584179
604.0,378.0,0.6221011418560036,0.6693961535231377,0.6273350739986718
605.0,394.0,0.6206862581399829,0.6722023242031486,0.6248900590497214
606.0,258.0,0.5724242927196801,0.638768703803858,0.5795474519010395
607.0,254.0,0.6715855478634256,0.697997395994792,0.6755281569998497
608.0,302.0,0.6115631741011409,0.6534581816586993,0.614585187380214
609.0,348.0,0.6482546324170062,0.6808280486193685,0.6539942477198133
610.0,524.0,0.6541133250834377,0.6799501777285706,0.656106118488435
611.0,314.0,0.7094928689047395,0.7322406588502576,0.7115189452702707
612.0,146.0,0.6499140367226138,0.6654156502158003,0.657192492592145
613.0,168.0,0.7192412244552817,0.7356859410430838,0.7220244979590544
614.0,262.0,0.6620822222703793,0.6898345084785269,0.66572567141123
615.0,216.0,0.6657747954018404,0.6987311385459531,0.6768052007063112
616.0,304.0,0.6216974956672773,0.6638028047091412,0.626689795398174
617.0,354.0,0.573127054068719,0.6339972549395129,0.5778386564621174
618.0,104.0,0.7026568202205473,0.7673816568047337,0.7177934493158471
619.0,300.0,0.6628831284622312,0.7055111111111112,0.665538238183257
620.0,226.0,0.6396646583139204,0.6729187876889341,0.6473413928785772
621.0,190.0,0.6374568330521895,0.6652631578947368,0.6407419718952958
622.0,466.0,0.6404714162332686,0.652839433402715,0.6441856154949446
623.0,270.0,0.6723046222896235,0.7188477366255144,0.6789079917940057
624.0,238.0,0.5586200899036801,0.6130040251394675,0.5648288228966911
625.0,416.0,0.6601163745413681,0.7203333025147929,0.6660833511691798
626.0,158.0,0.6879882671789197,0.6960423009133152,0.6937272874956474
627.0,142.0,0.6498851550404972,0.6960920452291212,0.6566173368876163
628.0,114.0,0.6422096373559748,0.6891351184979994,0.6563848153036576
629.0,198.0,0.6688794443346415,0.7053361901846751,0.6729972855870447
630.0,354.0,0.61410084627463,0.6465335631523509,0.6189191225127386
631.0,448.0,0.6541091367602395,0.6998664700255102,0.6582308778876721
632.0,320.0,0.6110685951341814,0.649765625,0.6174998121500602
633.0,520.0,0.6324941037673724,0.6908062130177515,0.6364298159506989
634.0,440.0,0.6521503855512616,0.7262809917355372,0.6565606272920299
635.0,118.0,0.6293727279304259,0.624533180120655,0.6357946610482761
636.0,764.0,0.6628318173360546,0.6886101669362135,0.664602508644629
637.0,206.0,0.6423699534306794,0.6545857290979358,0.6459876050637674
638.0,356.0,0.6061814632021872,0.6496891175356647,0.6114314222733808
639.0,96.0,0.726188146009086,0.716796875,0.7310923583308402
640.0,190.0,0.6762307791684297,0.709639889196676,0.6845777472861291
641.0,356.0,0.6722811828123656,0.6986333796237849,0.6742237539800744
642.0,408.0,0.6031669809279788,0.6411716647443291,0.608021382632559
643.0,694.0,0.6018339098184681,0.641108638058617,0.6046578871323247
644.0,140.0,0.6539305708298458,0.7008163265306123,0.6611800187879666
645.0,344.0,0.6282666635019253,0.6536725932936723,0.6315922443878219
646.0,404.0,0.6194873106589295,0.6780707773747672,0.6242516403010167
647.0,110.0,0.6532590765372136,0.6942148760330578,0.6600208272661523
648.0,178.0,0.627542610043413,0.6730842065395783,0.6371867382265087
649.0,184.0,0.7035809533257877,0.7290288279773157,0.7075613731864931
650.0,94.0,0.7095639543059484,0.7191036668175644,0.7138384520396001
651.0,256.0,0.638175221855595,0.68292236328125,0.6452994705258366
652.0,228.0,0.6313228247165028,0.6799784549092028,0.6387893357535808
653.0,210.0,0.5761970086523708,0.6168707482993196,0.5849955992354644
654.0,714.0,0.6229874264274703,0.6511290790826134,0.6255002685145906
655.0,418.0,0.6578821471869113,0.6896247796524805,0.6607276608854484
656.0,334.0,0.5901520487475531,0.6402613933809029,0.5950763661558747
657.0,104.0,0.7401947668327297,0.757396449704142,0.7444211449760484
658.0,110.0,0.6158789822089176,0.6877685950413224,0.6309053053706652
659.0,348.0,0.6559431752464628,0.6996961289470208,0.6618618904022331
660.0,126.0,0.6758915793106676,0.6674225245653816,0.681592468051059
661.0,164.0,0.5972096647332434,0.6033610945865556,0.6030775647828566
662.0,394.0,0.700971807225254,0.7142028910819654,0.7024956695125963
663.0,140.0,0.632885122873492,0.673826530612245,0.649940362544887
664.0,182.0,0.6593516883058976,0.7107233425914745,0.6690366254231374
665.0,74.0,0.560302009836595,0.6340394448502558,0.5788490737204818
666.0,364.0,0.614289752566048,0.6533329308054583,0.6189785224841314
667.0,216.0,0.7389369140859321,0.7354252400548698,0.7414052763563296
668.0,178.0,0.6160540158211834,0.6770609771493499,0.6252031842861213
669.0,220.0,0.6517976243308252,0.6516115702479339,0.6549598570670607
670.0,106.0,0.6025223667060318,0.6585973656105376,0.6155213076957158
671.0,716.0,0.6495930565864209,0.6589350363596642,0.6510295687217744
672.0,152.0,0.6097449334773991,0.6432652354570638,0.6204654263137275
673.0,450.0,0.6644007787230204,0.689679012345679,0.6662307738541994
674.0,314.0,0.679900841114965,0.6952209014564484,0.6849079934431781
675.0,214.0,0.597390872500067,0.639357149095991,0.6057783632776744
676.0,144.0,0.6253158594769346,0.6729359567901234,0.6423100908818576
677.0,302.0,0.6585798269455005,0.6968334722161308,0.6669043699407651
678.0,198.0,0.5563051036153877,0.567875726966636,0.5622006918813385
679.0,178.0,0.6584303488450914,0.6843201615957581,0.6623021069581005
680.0,104.0,0.6931057186209644,0.7196745562130178,0.6995793781288839
681.0,634.0,0.6581489749159235,0.6841992655912588,0.659521917904762
682.0,178.0,0.5895715389567527,0.6141901275091529,0.5956679277839684
683.0,370.0,0.6715899678347537,0.6970197224251279,0.6741733812709811
684.0,288.0,0.5893838276752178,0.6205632716049382,0.5932288051097826
685.0,136.0,0.6600995769581224,0.670523356401384,0.666769052439419
686.0,82.0,0.6396765037049074,0.7132659131469363,0.6580027209302175
687.0,428.0,0.6265069381105512,0.6743875010917983,0.6306367537816456
688.0,394.0,0.6667958013474903,0.7066015614934681,0.6714204091035413
689.0,362.0,0.652434789970862,0.6900583010286621,0.657515617507501
690.0,172.0,0.5705197137991804,0.6520416441319632,0.5786821730248216
691.0,132.0,0.6175798190216839,0.6497933884297522,0.6254430345716686
692.0,382.0,0.6433404690304294,0.6745017954551685,0.6477909314850084
693.0,166.0,0.7341189573039409,0.7312382058353898,0.7366361715398617
694.0,610.0,0.665634954012916,0.6922843321687718,0.6678419693571034
695.0,114.0,0.6801763440310705,0.7149892274546014,0.6853178950873169
696.0,120.0,0.5977133284010487,0.6498611111111111,0.6062732692781845
697.0,130.0,0.5681092240803027,0.636094674556213,0.5775235596684415
698.0,208.0,0.5515514115520539,0.617233727810651,0.5589254738590974
699.0,188.0,0.5437954194202331,0.58980307831598,0.553475517371832
700.0,364.0,0.6878117421373519,0.7309654631083202,0.6903316725638622
701.0,128.0,0.6168792327803025,0.6683349609375,0.6297922940015083
702.0,198.0,0.6026901292214841,0.6180491786552392,0.6117422701728374
703.0,192.0,0.6231932279805219,0.6768663194444444,0.6315464151070335
704.0,184.0,0.5843779052955169,0.583766540642722,0.593083896062128
705.0,290.0,0.6194155446348324,0.6640903686087991,0.6255448128128209
706.0,216.0,0.5783073744384455,0.6295867626886147,0.5854674757699558
707.0,144.0,0.6416226350517422,0.7099729938271605,0.6536933804867802
708.0,356.0,0.6100857215767975,0.6298052644868072,0.6126842747878912
709.0,342.0,0.6870239206140195,0.7315327793167128,0.6898366134181098
710.0,96.0,0.638626600055174,0.6866319444444444,0.6471776974425439
711.0,126.0,0.6831052111897142,0.7315444696397079,0.6956683698530908
712.0,340.0,0.6795415231304966,0.7062283737024222,0.6820627134989372
713.0,312.0,0.636248106356759,0.649089825772518,0.6392595423000627
714.0,102.0,0.707283160027422,0.7483660130718954,0.7149885503605348
715.0,124.0,0.6490511744840453,0.6582986472424557,0.6612441257318997
716.0,346.0,0.6117480980873911,0.6436065354672725,0.6172322193958603
717.0,376.0,0.5883612289611136,0.6314579560887279,0.5933825715250163
718.0,336.0,0.6061054674054213,0.674656320861678,0.6107502327261478
719.0,80.0,0.6716172738048325,0.7390625,0.6829487224508052
720.0,114.0,0.6745958959648359,0.7199138196368113,0.6815747349051231
721.0,260.0,0.6206483339910499,0.6567455621301775,0.6244018072187731
722.0,390.0,0.6141095278220599,0.6291452991452993,0.6189026147550561
723.0,168.0,0.6599500750581457,0.6459750566893423,0.6637460658229356
724.0,188.0,0.6076452641981532,0.62149162516976,0.6129719766606293
725.0,208.0,0.6549900561297982,0.653430103550296,0.6585247598189065
726.0,232.0,0.6439148183702754,0.6831896551724137,0.6486740106250636
727.0,128.0,0.6376160803192448,0.68359375,0.6441779828760751
728.0,110.0,0.6398134550390485,0.7047933884297521,0.6505989678957531
729.0,104.0,0.6980451018295071,0.700258875739645,0.7027643726729397
730.0,394.0,0.6480161690853606,0.6819423329640032,0.6507456937516721
731.0,282.0,0.540742873261559,0.6008877823047131,0.5474993963818076
732.0,64.0,0.6555159050397957,0.7109375,0.6667578791098273
733.0,116.0,0.6433721436162285,0.709423305588585,0.6573760562858012
734.0,258.0,0.6790343695270453,0.6693407848086053,0.6817870618007285
735.0,278.0,0.5630223829150621,0.6212023187205631,0.5682496413907562
736.0,104.0,0.5321685222062942,0.5673076923076923,0.541526413710033
737.0,110.0,0.6455843831233099,0.69900826446281,0.6560689701191605
738.0,96.0,0.6293344640969949,0.6879340277777778,0.6458853711709596
739.0,464.0,0.6445430824629437,0.6619537752675386,0.6464347197424098
740.0,366.0,0.6342785230284157,0.6732135925229179,0.6377965691706482
741.0,58.0,0.6594160338305554,0.7282996432818074,0.6831752375144251
742.0,226.0,0.5709521177396532,0.6279661680632782,0.5776612330430931
743.0,102.0,0.6074824636506051,0.6735870818915801,0.6242885143999638
744.0,164.0,0.6262604983427942,0.6569006543723973,0.636357200029476
745.0,184.0,0.6539145091198054,0.6935255198487713,0.6634301598113295
746.0,150.0,0.6297493545916077,0.6543111111111111,0.6346772889694241
747.0,304.0,0.6113787235722323,0.6756189404432134,0.6154535623351618
748.0,122.0,0.6141197406069991,0.6914807847352862,0.6250037786452463
749.0,138.0,0.616315484245228,0.6033921445074564,0.6209946511278399
750.0,104.0,0.6695197091902538,0.7120931952662721,0.6765388763099854
751.0,272.0,0.5600036229273913,0.5950746107266436,0.5663592237715687
752.0,146.0,0.5908746799377975,0.6860574216550948,0.6023189420218825
753.0,184.0,0.6040220640714824,0.6385278827977315,0.6127711727945637
754.0,74.0,0.6033940137036957,0.6866325785244705,0.6231276662366642
755.0,240.0,0.7205408514725844,0.7486805555555556,0.726428975874098
756.0,226.0,0.684312287811147,0.6989192575769443,0.6870825967667578
757.0,204.0,0.6506315195810399,0.6814206074586697,0.6541676943423849
758.0,124.0,0.6352781921549691,0.6291623309053069,0.6405244228617216
759.0,228.0,0.5980149111848138,0.6512580794090489,0.6065071800040761
760.0,236.0,0.5640714292529776,0.6227377190462511,0.5721025334342169
761.0,112.0,0.6427400017732308,0.6769770408163265,0.6510399276910301
762.0,172.0,0.563996840345458,0.6083017847485127,0.5742504380317714
763.0,218.0,0.635705529936935,0.6745433886036529,0.6425590450101781
764.0,140.0,0.630453397100924,0.6595918367346939,0.6412488524995203
765.0,120.0,0.6828129046024042,0.6748611111111111,0.687596316561986
766.0,126.0,0.6171289180586117,0.6213151927437641,0.6255000996810488
767.0,194.0,0.6462252143387048,0.6835476671272186,0.6553474736589423
768.0,272.0,0.6582392986377165,0.6786061851211073,0.6611670227986056
769.0,86.0,0.5603232822452957,0.6306111411573824,0.585278065786448
770.0,226.0,0.6386165841250347,0.6930456574516408,0.6453300339293342
771.0,98.0,0.5956498862855139,0.6364014993752602,0.6111022068421418
772.0,192.0,0.6180506305428314,0.649685329861111,0.6238809333054263
773.0,204.0,0.650705810818196,0.6862264513648597,0.6554063064041407
774.0,298.0,0.5883612198625755,0.6376739786496104,0.5934421769390663
775.0,172.0,0.5971270473116769,0.6629935100054083,0.6040550631573072
776.0,130.0,0.7704066892927932,0.7540828402366864,0.7730512596762404
777.0,82.0,0.6611651064639109,0.6734086853063652,0.6715879924552148
778.0,160.0,0.6051629575769601,0.65796875,0.6128769162815715
779.0,114.0,0.6565287637348614,0.6458910433979687,0.6631034490729004
780.0,146.0,0.6535931247168687,0.6682304372302496,0.6588738836338047
781.0,164.0,0.6094429247255024,0.6663444378346223,0.6187127227440221
782.0,234.0,0.644993979906758,0.6876871940974507,0.6517326559349965
783.0,210.0,0.5929917856822917,0.6541043083900228,0.6016070772124911
784.0,168.0,0.6460018600085596,0.6765164399092971,0.6516814257424235
785.0,184.0,0.6449069797707347,0.686968336483932,0.6497427734116932
786.0,172.0,0.7090745318285576,0.7251216873985938,0.7139195098037372
787.0,112.0,0.6323438980949341,0.6900510204081632,0.6466235588888918
788.0,124.0,0.5507881260582611,0.5665972944849116,0.5627181807972458
789.0,98.0,0.6375595054774672,0.7084548104956268,0.6476435550802456
790.0,184.0,0.6913204853966124,0.7328095463137997,0.6952068431815598
791.0,116.0,0.6843064593253118,0.6927764565992865,0.6891643188053582
792.0,150.0,0.6658127961922291,0.7096888888888888,0.6771595918927809
793.0,96.0,0.6123518135596673,0.642578125,0.6220400453274556
794.0,264.0,0.5821051289003485,0.6160755280073461,0.586541608764386
795.0,170.0,0.6045644243020953,0.6392387543252596,0.6138240357803668
796.0,138.0,0.65207752089732,0.7218021424070573,0.6643284834810659
797.0,276.0,0.671438773997837,0.7169712245326612,0.6751344980212476
798.0,68.0,0.6998790939297803,0.7309688581314878,0.7081154065880736
799.0,154.0,0.6143953737363004,0.6835891381345927,0.621371544069826
800.0,106.0,0.4840711026888984,0.532751868992524,0.4960955118215248
801.0,92.0,0.6097874857125167,0.6294896030245747,0.6192114437381706
802.0,64.0,0.6263286078857575,0.63232421875,0.6476325224229679
803.0,144.0,0.6024373763384526,0.6334876543209876,0.6126535458170299
804.0,158.0,0.6344950108805323,0.6890722640602467,0.6414195545709244
805.0,170.0,0.6892507652694361,0.7413840830449827,0.6950626018313792
806.0,76.0,0.5678759431541834,0.6336565096952909,0.5798795986321554
807.0,206.0,0.6929697570266731,0.7081487416344613,0.6962343383550131
808.0,148.0,0.6786687449370421,0.7272644265887509,0.6833356507457788
809.0,92.0,0.5663107181178343,0.555765595463138,0.5740684917180262
810.0,76.0,0.6820817047460078,0.7171052631578947,0.691036569759642
811.0,96.0,0.6882614846578428,0.6997612847222222,0.6941956111964432
812.0,118.0,0.5265813300758125,0.5890548692904338,0.5393123484387686
813.0,108.0,0.67704697770769,0.7539437585733882,0.6902158189084506
814.0,84.0,0.6662727646673453,0.6907596371882085,0.675638097952762
815.0,130.0,0.6625447107333118,0.7092307692307693,0.6690262854548503
816.0,70.0,0.7547870513628758,0.7861224489795918,0.7719369979003616
817.0,96.0,0.653631942438321,0.675998263888889,0.6610467232642753
818.0,120.0,0.7524362219658671,0.7698611111111111,0.7561321464792203
819.0,180.0,0.6311229810056647,0.6738271604938272,0.6368936219064713
820.0,68.0,0.6774392818938484,0.7417820069204153,0.6986622151838418
821.0,142.0,0.6125631149922093,0.6618726443166039,0.6243060054303875
822.0,222.0,0.6150505393549832,0.6603765928090253,0.6192853325541595
823.0,128.0,0.6319245334920363,0.6812744140625,0.6394367316573872
824.0,114.0,0.7422422947429242,0.7553093259464451,0.7479557237532581
825.0,134.0,0.7289549652663007,0.7418133214524393,0.7326048747949827
826.0,140.0,0.7463529148425374,0.7954081632653061,0.7559904021633053
827.0,102.0,0.67435862531265,0.6714725105728566,0.6791889071431711
828.0,80.0,0.7071433533689508,0.7071875000000001,0.7141240791477688
829.0,120.0,0.6053848922449296,0.6617361111111111,0.6195147018921928
830.0,92.0,0.6315414628335534,0.6644612476370511,0.6422726651627182
831.0,92.0,0.6374839396676345,0.6954158790170133,0.6483690104619659
832.0,136.0,0.6772050172971584,0.6912846020761245,0.6831595387445334
833.0,120.0,0.6795236122813072,0.7222222222222223,0.6865379295909941
834.0,136.0,0.5604315080187598,0.6331098615916955,0.5732762722462785
835.0,92.0,0.630580616872859,0.6954158790170133,0.6483323377126278
836.0,126.0,0.7637488365218622,0.7653061224489797,0.7665400154863837
837.0,152.0,0.6275743093960388,0.6381578947368421,0.6345727250173806
838.0,94.0,0.5929387627035136,0.6367134449977365,0.6031750740784345
839.0,112.0,0.6343222866314344,0.7077487244897959,0.6472998899624549
840.0,106.0,0.6601508278730149,0.7564969740121039,0.672901288500063
841.0,150.0,0.6877955198649071,0.664,0.6908861452473282
842.0,214.0,0.5916105464181043,0.6731373919119574,0.6003697232157015
843.0,90.0,0.6473127131922557,0.6985185185185185,0.6575154809389472
844.0,68.0,0.6294434827642204,0.6366782006920415,0.6491052266428026
845.0,144.0,0.5719553744913544,0.6139081790123456,0.5847356117424645
846.0,94.0,0.7480516468803943,0.7747849705749208,0.7538445392448164
847.0,86.0,0.6012036999140262,0.6243915630070308,0.6182794299637138
848.0,146.0,0.6506908109599296,0.703790579846125,0.66240703357746
849.0,100.0,0.6907962419274197,0.6788000000000001,0.6954925218177772
850.0,132.0,0.6816728738597224,0.7137281910009183,0.6871739517864522
851.0,124.0,0.6526158694766562,0.6791103017689907,0.6586824722184274
852.0,144.0,0.6088551361744294,0.6524884259259259,0.6205451536014948
853.0,212.0,0.6087744645721208,0.6676753292986828,0.6166627128916953
854.0,90.0,0.6799400587659588,0.731111111111111,0.6953921267973637
855.0,106.0,0.6766024481089723,0.7046991812032752,0.6848165931096668
856.0,120.0,0.7821197043978352,0.7972222222222223,0.7860134922218871
857.0,104.0,0.6813905367919013,0.7303994082840236,0.693936362664342
858.0,138.0,0.6601420073226258,0.7147132955261499,0.6718957294020682
859.0,96.0,0.6555484496347429,0.7115885416666666,0.6793594041788514
860.0,100.0,0.6299256168112588,0.6706,0.6452868488645971
861.0,285756.0,0.0,0.0,0.0
862.0,1901.0,0.0,0.0,0.0
